mutation_id	sample_id	cluster_id	cellular_prevalence	cellular_prevalence_std	variant_allele_frequency
ABCA12:p.L517I:chr2:215872540	RA000_L8d	12	0.448256066	0.321067308	0.052
ABCC11:p.S585R:chr16:48239374	RA000_L8d	0	0.956549703	0.144871101	0.19047619
ABP1:p.R647:chr7:150557616	RA000_L8d	0	0.982764965	0.062188056	0.152777778
AC007431.1:p.-97:chr17:55822344	RA000_L8d	0	0.982554738	0.053492329	0.308823529
AC007431.1:p.R96:chr17:55822346	RA000_L8d	0	0.983306536	0.049724976	0.304054054
AC114783.1:p.P112R:chr2:127659529	RA000_L8d	0	0.989840182	0.016619142	0.611111111
AC114783.1:p.S83:chr2:127659529	RA000_L8d	0	0.990171373	0.013763718	0.611111111
AC127496.1:p.G84A:chr17:78978309	RA000_L8d	0	0.970997116	0.098108157	0.204081633
ACAD11:p.Q365:chr3:132345637	RA000_L8d	2	0.881181016	0.242785765	0.082352941
ACOT12:p.R219S:chr5:80641822	RA000_L8d	0	0.989584541	0.018024309	0.314285714
ACPT:p.P23S:chr19:51293738	RA000_L8d	0	0.982579948	0.058408786	0.212765957
ACSM2B:p.L69Q:chr16:20570741	RA000_L8d	0	0.989635355	0.017121222	0.405063291
ACTR3:p.E77D:chr2:114688925	RA000_L8d	0	0.988699802	0.022890443	0.6
ADAM21:p.V78:chr14:70924450	RA000_L8d	0	0.953047925	0.148963372	0.101694915
ADAM22:p.R219G:chr7:87754951	RA000_L8d	0	0.98502951	0.051648203	0.160427807
ADAMTS12:p.G1150V:chr5:33576682	RA000_L8d	0	0.975592133	0.086447385	0.251879699
ADAMTS4:p.P810A:chr1:161161014	RA000_L8d	0	0.962986788	0.131682203	0.144385027
ADAMTSL2:p.V155M:chr9:136405770	RA000_L8d	0	0.974427917	0.099747726	0.124716553
ADM2:p.Q151H:chr22:50921588	RA000_L8d	0	0.951919029	0.133459451	0.122137405
AFF2:p.T1007K:chrX:148048426	RA000_L8d	0	0.990724724	0.01269252	0.482142857
AGFG1:p.D239N:chr2:228395827	RA000_L8d	0	0.97209228	0.10921053	0.14532872
AGL:p.R239L:chr1:100336058	RA000_L8d	0	0.989470212	0.017566499	0.309375
AGTR1:p.G45V:chr3:148458956	RA000_L8d	0	0.985123039	0.03435957	0.400826446
AKAP3:p.M161V:chr12:4737587	RA000_L8d	0	0.989523533	0.016568202	0.519047619
AKNAD1:p.E716*:chr1:109366013	RA000_L8d	0	0.937331378	0.169865558	0.092857143
AKR1B10:p.A67V:chr7:134215528	RA000_L8d	0	0.989410807	0.019157303	0.31557377
AKR1C3:p.R226:chr10:5144400	RA000_L8d	0	0.990031877	0.015349978	0.474137931
ALOXE3:p.T390:chr17:8015421	RA000_L8d	16	0.828080447	0.289716794	0.068376068
ALPK1:p.V466:chr4:113352101	RA000_L8d	0	0.987747949	0.026252002	0.290540541
ALPK2:p.A1650G:chr18:56202470	RA000_L8d	0	0.989784637	0.016178114	0.395498392
AMN1:p.-254:chr12:31825234	RA000_L8d	7	0.755199425	0.334252688	0.029136316
ANK1:p.I197:chr8:41583399	RA000_L8d	0	0.959404564	0.133019758	0.132352941
ANKUB1:p.T353A:chr3:149485392	RA000_L8d	0	0.977576454	0.088219337	0.150769231
AP000708.1:p.G90V:chr11:125365493	RA000_L8d	0	0.987628466	0.026397194	0.554216867
AP2A2:p.E322:chr11:986788	RA000_L8d	0	0.988437864	0.025929681	0.363636364
APC:p.E148Q:chr5:112103077	RA000_L8d	0	0.974611849	0.091094219	0.124183007
APOBEC3G:p.R146S:chr22:39477202	RA000_L8d	0	0.981922829	0.063210008	0.161490683
ARC:p.A144D:chr8:143695202	RA000_L8d	0	0.934812999	0.182132375	0.050925926
ARGFX:p.A71V:chr3:121295739	RA000_L8d	0	0.971232712	0.106359651	0.145454545
ARHGAP24:p.S246G:chr4:86893325	RA000_L8d	0	0.979649406	0.074535342	0.138121547
ARHGAP25:p.K316N:chr2:69053254	RA000_L8d	0	0.973486757	0.104756705	0.152727273
ARHGEF10L:p.P768:chr1:17975080	RA000_L8d	0	0.987560747	0.029390225	0.31372549
ARHGEF26:p.S403*:chr3:153847447	RA000_L8d	0	0.932180329	0.178068351	0.099099099
ARHGEF40:p.T312A:chr14:21542823	RA000_L8d	0	0.968733202	0.113163434	0.134328358
ARMC3:p.A416S:chr10:23287147	RA000_L8d	0	0.989833291	0.016074543	0.423963134
ASXL3:p.A2201:chr18:31326415	RA000_L8d	0	0.988422226	0.023931343	0.392405063
ATAD2:p.P283L:chr8:124350022	RA000_L8d	0	0.970780907	0.114102546	0.08797654
ATAD2B:p.L496:chr2:24080367	RA000_L8d	0	0.916417089	0.210513104	0.055555556
ATP5SL:p.R208H:chr19:41938305	RA000_L8d	0	0.980514892	0.072928508	0.144
AXDND1:p.F266L:chr1:179354429	RA000_L8d	0	0.954718249	0.146009821	0.085106383
BAAT:p.Y270:chr9:104125157	RA000_L8d	0	0.987835949	0.025214606	0.283333333
BMP2:p.T108A:chr20:6751095	RA000_L8d	0	0.983603439	0.051748092	0.26035503
BMPER:p.Y97H:chr7:34006160	RA000_L8d	0	0.989568563	0.017284237	0.325301205
BOC:p.R230C:chr3:112991277	RA000_L8d	0	0.972692516	0.096432685	0.202531646
BRK1:p.E65A:chr3:10167385	RA000_L8d	0	0.972538522	0.102958247	0.155405405
BRSK1:p.R418:chr19:55815160	RA000_L8d	0	0.984231189	0.040704113	0.257575758
BRSK2:p.I77T:chr11:1462155	RA000_L8d	0	0.988417965	0.025067236	0.394736842
BSN:p.QQLQ2456-:chr3:49694354	RA000_L8d	0	0.919831665	0.202623766	0.070707071
C10orf71:p.L1328M:chr10:50534572	RA000_L8d	0	0.982342115	0.055405642	0.265306122
C11orf82:p.V517L:chr11:82643929	RA000_L8d	0	0.990284107	0.013110112	0.326403326
C12orf42:p.C61F:chr12:103762742	RA000_L8d	0	0.959083451	0.129542498	0.115942029
C1QTNF1:p.Q204E:chr17:77043934	RA000_L8d	0	0.976060865	0.095480032	0.123036649
C1orf122:p.-25?:chr1:38274673	RA000_L8d	0	0.963587087	0.119673181	0.108333333
C1orf141:p.A399:chr1:67558694	RA000_L8d	0	0.987715366	0.026714611	0.285714286
C1orf141:p.A399D:chr1:67558695	RA000_L8d	0	0.987337155	0.028358344	0.277272727
C1orf173:p.M1I:chr1:75100358	RA000_L8d	0	0.970196985	0.100829439	0.117647059
C1orf52:p.E61Q:chr1:85725136	RA000_L8d	0	0.960048957	0.129947194	0.102941176
C22orf46:p.H55:chr22:42086796	RA000_L8d	0	0.978406296	0.074713856	0.146551724
C3orf20:p.R312*:chr3:14745899	RA000_L8d	0	0.973494982	0.100335236	0.131578947
C3orf20:p.S177N:chr3:14725794	RA000_L8d	0	0.969591873	0.099645579	0.195804196
C5orf20:p.H152Q:chr5:134782343	RA000_L8d	0	0.989746162	0.016277602	0.303687636
C5orf20:p.L153I:chr5:134782342	RA000_L8d	0	0.989419691	0.018455776	0.301518438
C6:p.R145L:chr5:41199881	RA000_L8d	0	0.964934446	0.124689659	0.142857143
C7orf25:p.E3V:chr7:42951659	RA000_L8d	0	0.914477539	0.205852352	0.079545455
C8orf22:p.K19*:chr8:49985444	RA000_L8d	0	0.97325112	0.105170572	0.098920863
CACNA1B:p.G1526R:chr9:140953633	RA000_L8d	0	0.984089228	0.049299349	0.263598326
CACNA1G:p.A55S:chr17:48638983	RA000_L8d	0	0.972845824	0.093855843	0.233830846
CACNA1S:p.R469Q:chr1:201047220	RA000_L8d	0	0.96772427	0.117893761	0.079310345
CAPN1:p.D671G:chr11:64977876	RA000_L8d	0	0.982667383	0.04340612	0.256944444
CARD17:p.V34L:chr11:104971414	RA000_L8d	0	0.98100025	0.045991833	0.502873563
CBLN2:p.-34:chr18:70209295	RA000_L8d	0	0.979168979	0.073625067	0.243902439
CBR1:p.N137K:chr21:37444757	RA000_L8d	0	0.985342331	0.052123549	0.154351396
CBX4:p.N257Y:chr17:77808672	RA000_L8d	0	0.973226049	0.101699882	0.105691057
CCDC112:p.K59:chr5:114620546	RA000_L8d	0	0.97903718	0.055859141	0.241545894
CCDC144A:p.A1033:chr17:16638684	RA000_L8d	0	0.989192652	0.020560395	0.453608247
CCDC64:p.R129Q:chr12:120512377	RA000_L8d	0	0.983198334	0.052786791	0.333333333
CCKAR:p.A42:chr4:26491093	RA000_L8d	0	0.983582	0.042926308	0.251908397
CCNB3:p.Q306R:chrX:50052086	RA000_L8d	0	0.982327232	0.054935131	0.277173913
CCT8L2:p.P436L:chr22:17072134	RA000_L8d	0	0.985890589	0.046768618	0.197916667
CD200R1L:p.L232M:chr3:112538665	RA000_L8d	0	0.984278112	0.045497402	0.285714286
CD22:p.P602S:chr19:35832637	RA000_L8d	0	0.983590823	0.042967643	0.256410256
CD22:p.S654L:chr19:35832794	RA000_L8d	0	0.909847512	0.207973932	0.085365854
CD72:p.A46T:chr9:35618065	RA000_L8d	0	0.974097442	0.098687355	0.133333333
CDAN1:p.S382P:chr15:43026537	RA000_L8d	0	0.990268756	0.015319369	0.553191489
CDC14A:p.A273S:chr1:100928416	RA000_L8d	0	0.989858699	0.015918335	0.351145038
CDCA7:p.R79P:chr2:174228042	RA000_L8d	0	0.99001998	0.014243912	0.610738255
CDH1:p.Y508F:chr16:68849620	RA000_L8d	0	0.982608407	0.049476623	0.325581395
CDH23:p.R1218H:chr10:73490290	RA000_L8d	0	0.985227574	0.03949632	0.34375
CDH26:p.E822D:chr20:58587752	RA000_L8d	0	0.975802427	0.095001657	0.145
CDH4:p.A546T:chr20:60503334	RA000_L8d	0	0.96668343	0.114840597	0.106122449
CDH4:p.S150Y:chr20:60419818	RA000_L8d	0	0.989238034	0.019217907	0.4
CDH4:p.S224:chr20:60419819	RA000_L8d	0	0.98943634	0.018075339	0.405
CDH6:p.S44R:chr5:31267712	RA000_L8d	0	0.94974777	0.15665503	0.157760814
CDK18:p.L352:chr1:205498208	RA000_L8d	0	0.963153372	0.132103566	0.088495575
CECR5:p.K246R:chr22:17621958	RA000_L8d	0	0.989746404	0.016146338	0.446808511
CEP192:p.E477*:chr18:13030502	RA000_L8d	0	0.97312693	0.100437481	0.155555556
CES5A:p.F503L:chr16:55883539	RA000_L8d	0	0.957756149	0.142293765	0.080745342
CFHR2:p.C267F:chr1:196928197	RA000_L8d	0	0.954989038	0.144658507	0.070528967
CHD1:p.S241I:chr5:98236652	RA000_L8d	0	0.984143468	0.039808596	0.26146789
CHRM3:p.E228D:chr1:240071435	RA000_L8d	0	0.978216932	0.07322214	0.358064516
CHRNA4:p.Q72H:chr20:61990912	RA000_L8d	0	0.97797392	0.073702723	0.233082707
CMKLR1:p.L330:chr12:108685750	RA000_L8d	0	0.989238699	0.019799802	0.474358974
CNTD2:p.R108C:chr19:40730664	RA000_L8d	0	0.958760926	0.132121527	0.102272727
CNTN4:p.D74Y:chr3:2787243	RA000_L8d	0	0.963778535	0.125162842	0.102150538
CNTNAP5:p.T397P:chr2:125261998	RA000_L8d	14	0.781704672	0.318817514	0.063063063
COG3:p.E677D:chr13:46093106	RA000_L8d	0	0.989417448	0.019795403	0.333333333
COL22A1:p.D1080:chr8:139674273	RA000_L8d	0	0.965818436	0.126095534	0.07804878
COL4A4:p.E1019G:chr2:227915787	RA000_L8d	0	0.966760787	0.120389382	0.127777778
COL6A5:p.Q1835K:chr3:130150563	RA000_L8d	0	0.969355342	0.111013218	0.12962963
COL6A5:p.Y1834*:chr3:130150562	RA000_L8d	0	0.970249433	0.106120629	0.127272727
COL6A6:p.L365:chr3:130284269	RA000_L8d	0	0.989673213	0.01638441	0.454545455
COL7A1:p.R690S:chr3:48627132	RA000_L8d	0	0.983167573	0.049881225	0.286821705
COMMD3:p.S19T:chr10:22605401	RA000_L8d	0	0.988896791	0.022213947	0.401197605
COMMD3:p.S19Y:chr10:22605402	RA000_L8d	0	0.98921804	0.01968437	0.405882353
CPA4:p.G17V:chr7:129933070	RA000_L8d	0	0.918855664	0.186978735	0.094674556
CPSF3::chr2:9593041	RA000_L8d	0	0.986050314	0.034149403	0.415929204
CR2:p.R671H:chr1:207646923	RA000_L8d	0	0.96602216	0.125445551	0.088983051
CRB1:p.H1221N:chr1:197404654	RA000_L8d	0	0.951136956	0.153745437	0.220064725
CREBBP:p.L1692:chr16:3781289	RA000_L8d	0	0.985806898	0.036289458	0.31147541
CREBBP:p.V1693L:chr16:3781288	RA000_L8d	0	0.986951762	0.030482141	0.327868852
CRMP1:p.K244N:chr4:5857958	RA000_L8d	0	0.987982641	0.026445596	0.307692308
CRTC3:p.D291:chr15:91169131	RA000_L8d	0	0.962912105	0.114765983	0.130208333
CSMD3:p.T147:chr8:114290894	RA000_L8d	0	0.9674962	0.114742162	0.254355401
CSPP1:p.R916:chr8:68076678	RA000_L8d	0	0.959258612	0.13426768	0.07073955
CTC-457E21.3::chr19:22785612	RA000_L8d	0	0.987337962	0.029662204	0.29245283
CTNNA3::chr10:68280374	RA000_L8d	0	0.983723565	0.050971847	0.27755102
CTNNB1:p.R190C:chr3:41266897	RA000_L8d	0	0.972473953	0.103930429	0.11790393
CTSC:p.L96*:chr11:88068136	RA000_L8d	0	0.886838089	0.241758444	0.064516129
CTSW:p.G334E:chr11:65650876	RA000_L8d	0	0.981763326	0.06632709	0.159292035
CTTNBP2:p.G1326A:chr7:117368221	RA000_L8d	0	0.986298218	0.033115261	0.273504274
CTU1:p.R283L:chr19:51602057	RA000_L8d	0	0.985727637	0.043714875	0.333333333
CUL4B:p.Q191E:chrX:119678037	RA000_L8d	0	0.981558958	0.063524762	0.181818182
CYP2C19:p.I462N:chr10:96612583	RA000_L8d	0	0.953642814	0.126211148	0.195187166
DAB2:p.P494:chr5:39381578	RA000_L8d	0	0.961025022	0.133862759	0.091549296
DAPK3:p.R31:chr19:3964959	RA000_L8d	0	0.988960318	0.020324338	0.310679612
DDX17:p.D403V:chr22:38890641	RA000_L8d	0	0.985766582	0.044442819	0.201834862
DGAT2L6:p.N106I:chrX:69420154	RA000_L8d	0	0.991006701	0.009836788	0.538922156
DGKA:p.E576K:chr12:56346198	RA000_L8d	0	0.962433122	0.126061664	0.115853659
DHX34:p.P1021L:chr19:47884152	RA000_L8d	0	0.987597881	0.026563868	0.289855072
DHX8:p.G801R:chr17:41585787	RA000_L8d	1	0.822172668	0.294031244	0.06779661
DIP2C:p.P1214:chr10:375484	RA000_L8d	0	0.988516935	0.022359601	0.386666667
DLG3:p.Q288:chrX:69717031	RA000_L8d	0	0.983475355	0.053040606	0.233333333
DMD:p.Q1920K:chrX:32360381	RA000_L8d	0	0.990274651	0.013277834	0.62745098
DNAH10:p.P3A:chr12:124247073	RA000_L8d	0	0.987261505	0.027802287	0.419642857
DNAH3:p.S771R:chr16:21115845	RA000_L8d	0	0.983147117	0.058663673	0.168918919
DNAH8:p.R3892:chr6:38905898	RA000_L8d	0	0.973620361	0.101042214	0.123348018
DNAJB8:p.A14T:chr3:128182049	RA000_L8d	0	0.97540637	0.095259813	0.153005464
DOK6:p.G188C:chr18:67365792	RA000_L8d	0	0.983437494	0.048972942	0.301204819
DPP10:p.K377T:chr2:116534842	RA000_L8d	0	0.971216162	0.110106649	0.149659864
DSEL:p.L329V:chr18:65180891	RA000_L8d	0	0.964872538	0.116129202	0.180451128
DST:p.L1235:chr6:56485127	RA000_L8d	0	0.981955385	0.058389857	0.25
DTX3L:p.G203E:chr3:122289510	RA000_L8d	0	0.985445151	0.033210027	0.397379913
DUOXA2:p.P9H:chr15:45406829	RA000_L8d	0	0.990878974	0.011109275	0.461538462
DUOXA2:p.P9T:chr15:45406828	RA000_L8d	0	0.990764158	0.011497278	0.44973545
DUXA:p.A68:chr19:57670623	RA000_L8d	0	0.987687669	0.026907072	0.292553191
EDEM1:p.G428W:chr3:5248902	RA000_L8d	0	0.990759972	0.010016237	0.52195122
EFR3B:p.G723W:chr2:25367945	RA000_L8d	0	0.975951262	0.081126731	0.263157895
EGFLAM:p.S91R:chr5:38338865	RA000_L8d	0	0.969534124	0.113946628	0.109375
EIF2C3:p.T488I:chr1:36506035	RA000_L8d	0	0.982938431	0.061425588	0.138235294
ELAVL1:p.V56A:chr19:8056533	RA000_L8d	0	0.982617969	0.046634296	0.25170068
ELAVL2:p.A9:chr9:23765052	RA000_L8d	0	0.955684959	0.138203475	0.098321343
ELF1:p.E37*:chr13:41533116	RA000_L8d	0	0.986371312	0.03165589	0.272108844
ELF1:p.V36:chr13:41533117	RA000_L8d	0	0.986230241	0.031131261	0.272108844
ELP2:p.P583T:chr18:33739715	RA000_L8d	0	0.969672122	0.111570219	0.11965812
EP300:p.G1777:chr22:41573046	RA000_L8d	0	0.965975022	0.108379275	0.132275132
EPHA6:p.R53G:chr3:96533624	RA000_L8d	0	0.957933382	0.13866199	0.1
ERVV-1:p.Q22K:chr19:53517407	RA000_L8d	0	0.9803651	0.069289076	0.157142857
ERVV-2:p.T428R:chr19:53553787	RA000_L8d	0	0.987433144	0.027701875	0.284883721
ESPL1:p.A412G:chr12:53664253	RA000_L8d	0	0.973562963	0.098626713	0.14
ETNK1:p.K381N:chr12:22826525	RA000_L8d	0	0.964849383	0.126118361	0.075601375
EXT2:p.M87V:chr11:44129521	RA000_L8d	0	0.97345227	0.089816735	0.121372032
EXTL1:p.R191:chr1:26349710	RA000_L8d	0	0.989589222	0.018561106	0.35
F13A1:p.T29K:chr6:6318812	RA000_L8d	0	0.989377218	0.017904151	0.45
FADS2::chr11:61605248	RA000_L8d	0	0.986442921	0.032886656	0.276595745
FAM107A:p.R119Q:chr3:58552990	RA000_L8d	0	0.975485121	0.093059803	0.158730159
FAM172A:p.L8S:chr5:93410434	RA000_L8d	0	0.989372883	0.017645851	0.302961276
FAM21C:p.E232D:chr10:46242059	RA000_L8d	0	0.960451935	0.108148876	0.209558824
FAM5B:p.W601C:chr1:177250115	RA000_L8d	0	0.96819627	0.117870589	0.108490566
FAM5C:p.V172:chr1:190234097	RA000_L8d	0	0.980537171	0.057860427	0.219858156
FAM71B:p.S251:chr5:156590523	RA000_L8d	0	0.98256514	0.052564474	0.228915663
FAM71B:p.S251Y:chr5:156590524	RA000_L8d	0	0.983138623	0.049607325	0.231707317
FAM71E2:p.V680F:chr19:55870198	RA000_L8d	0	0.990173426	0.013809708	0.345132743
FAM83A:p.R76M:chr8:124195323	RA000_L8d	0	0.985331102	0.038516213	0.431034483
FAM83A:p.R76S:chr8:124195324	RA000_L8d	0	0.984241018	0.043855155	0.436046512
FAM83B:p.D421V:chr6:54805031	RA000_L8d	0	0.990409574	0.013726799	0.449640288
FBN2:p.C2264Y:chr5:127623089	RA000_L8d	0	0.98524108	0.037813088	0.267241379
FCGBP:p.G476:chr19:40430515	RA000_L8d	0	0.989588181	0.017289303	0.311403509
FIBCD1:p.S239Y:chr9:133799264	RA000_L8d	0	0.973718459	0.097752905	0.173913043
FIP1L1:p.L599M:chr4:55152083	RA000_L8d	0	0.984243964	0.05171389	0.185714286
FKBP9:p.T72:chr7:33028137	RA000_L8d	0	0.983701575	0.059272369	0.146551724
FLAD1:p.R523G:chr1:154965201	RA000_L8d	0	0.988753068	0.021310991	0.447222222
FLNC:p.E2362:chr7:128494917	RA000_L8d	0	0.984473345	0.054542225	0.169724771
FLT4:p.G1303A:chr5:180030376	RA000_L8d	0	0.983277823	0.055832428	0.191176471
FN1:p.D1762V:chr2:216245683	RA000_L8d	0	0.94652234	0.163316198	0.103896104
FNDC9:p.D204:chr5:156769933	RA000_L8d	0	0.989780027	0.016496556	0.333333333
FOXF1:p.R45L:chr16:86544309	RA000_L8d	0	0.990434944	0.012655928	0.515625
FOXF2:p.S342:chr6:1391208	RA000_L8d	0	0.972408522	0.097876012	0.193548387
FOXL2:p.P55A:chr3:138665402	RA000_L8d	0	0.976200468	0.08979898	0.183544304
FREM3:p.G413:chr4:144620590	RA000_L8d	0	0.985810755	0.045697009	0.186746988
FTSJ1:p.V71L:chrX:48337024	RA000_L8d	0	0.979772058	0.068037337	0.271186441
G3BP1:p.G345C:chr5:151179856	RA000_L8d	0	0.985625538	0.039531106	0.285714286
GABRG1:p.L463:chr4:46043014	RA000_L8d	0	0.988675066	0.02200625	0.302631579
GALNT2:p.H145D:chr1:230371818	RA000_L8d	0	0.9643151	0.131045953	0.112903226
GAPVD1:p.S984*:chr9:128103529	RA000_L8d	0	0.977120578	0.092481525	0.133879781
GCNT7:p.A218:chr20:55070304	RA000_L8d	0	0.990167212	0.016791093	0.43148688
GCSH:p.P28:chr16:81129800	RA000_L8d	0	0.978936031	0.073159297	0.266666667
GDPD1:p.N52S:chr17:57311865	RA000_L8d	0	0.967380164	0.121393556	0.107954545
GFI1:p.A128S:chr1:92946562	RA000_L8d	0	0.98441476	0.045924245	0.256756757
GIMAP5::chr7:150434592	RA000_L8d	0	0.983489537	0.046400604	0.252525253
GLP2R::chr17:9760895	RA000_L8d	0	0.943055528	0.167917145	0.092592593
GLT6D1:p.G106D:chr9:138516457	RA000_L8d	0	0.971876139	0.1051339	0.126666667
GPKOW:p.P10:chrX:48980043	RA000_L8d	0	0.9907828	0.010540818	0.583333333
GPR110:p.V656:chr6:46977203	RA000_L8d	0	0.964080318	0.124104874	0.104651163
GPR155:p.I357S:chr2:175333752	RA000_L8d	6	0.641698405	0.355367251	0.0625
GPRIN2:p.P20A:chr10:46998938	RA000_L8d	0	0.960562243	0.130898838	0.101910828
GPX6:p.G125C:chr6:28473566	RA000_L8d	0	0.989291074	0.019078336	0.405940594
GPX6:p.G125V:chr6:28473565	RA000_L8d	0	0.989496996	0.019584566	0.414634146
GRIK5:p.R780G:chr19:42507761	RA000_L8d	0	0.989832097	0.01579655	0.37037037
GRIN2B:p.I227V:chr12:13906582	RA000_L8d	0	0.990392004	0.011742138	0.547368421
GRM1:p.S52*:chr6:146350808	RA000_L8d	0	0.990447103	0.014383746	0.563380282
GRM4:p.L70R:chr6:34101065	RA000_L8d	0	0.971188539	0.105585023	0.172222222
GRM8:p.L103F:chr7:126882952	RA000_L8d	0	0.989546562	0.018809527	0.319634703
GUCY2F:p.S193L:chrX:108718588	RA000_L8d	0	0.990877319	0.010711045	0.620689655
GYS2:p.F293V:chr12:21716226	RA000_L8d	0	0.966946292	0.121800561	0.074688797
HDAC9:p.S669*:chr7:18788724	RA000_L8d	0	0.984473887	0.041080924	0.26119403
HEATR7B2:p.S777:chr5:41033173	RA000_L8d	0	0.986594516	0.030613852	0.429347826
HECTD4:p.F2832L:chr12:112623008	RA000_L8d	0	0.958071373	0.135601461	0.114583333
HEPACAM:p.R73:chr11:124794834	RA000_L8d	0	0.964356977	0.123615404	0.125748503
HOOK2:p.R714L:chr19:12874115	RA000_L8d	0	0.986632358	0.03437275	0.283018868
HPS6:p.-583?:chr10:103826977	RA000_L8d	0	0.986002276	0.034442109	0.354166667
HSPG2:p.T2743N:chr1:22173029	RA000_L8d	0	0.982799801	0.050008603	0.240384615
HYDIN:p.M1231I:chr16:71026065	RA000_L8d	0	0.957615472	0.135069285	0.150943396
IFNE:p.P55Q:chr9:21481530	RA000_L8d	0	0.981690421	0.059408957	0.248
IGFN1:p.P692S:chr1:201176095	RA000_L8d	0	0.983675722	0.049810559	0.421686747
INTS4:p.K953E:chr11:77590030	RA000_L8d	0	0.989615802	0.017897513	0.341772152
IQCF3:p.A41:chr3:51864585	RA000_L8d	0	0.982609616	0.053564029	0.265625
IQCF3:p.R78P:chr3:51864585	RA000_L8d	0	0.982810799	0.053724807	0.265625
IRX6:p.P174H:chr16:55361605	RA000_L8d	0	0.984715616	0.043545333	0.421052632
ITGAL:p.F36:chr16:30485563	RA000_L8d	0	0.984587049	0.049348728	0.224489796
ITIH5:p.V176:chr10:7679315	RA000_L8d	0	0.983901538	0.043399182	0.311258278
KCNH1::chr1:210971103	RA000_L8d	0	0.972336148	0.09594195	0.31372549
KCNJ5:p.G135:chr11:128781573	RA000_L8d	0	0.973262458	0.106555978	0.154545455
KCNQ3:p.S854:chr8:133141566	RA000_L8d	0	0.966041874	0.126435792	0.099431818
KCNV1:p.R265:chr8:110984685	RA000_L8d	0	0.954108354	0.146111443	0.217948718
KIAA0753:p.H897Y:chr17:6493196	RA000_L8d	0	0.970503102	0.108621636	0.137931034
KIAA0895L:p.R334C:chr16:67212255	RA000_L8d	0	0.919825114	0.198372168	0.12244898
KIAA1210:p.A879D:chrX:118222557	RA000_L8d	0	0.987546619	0.030797642	0.326086957
KIAA1549L:p.Q621:chr11:33565863	RA000_L8d	0	0.989143265	0.01956757	0.388888889
KIF3B:p.R415W:chr20:30898823	RA000_L8d	0	0.986992955	0.029635878	0.362831858
KIR2DL3:p.P224S:chr19:55258792	RA000_L8d	0	0.983910634	0.056192225	0.176
KLHL1:p.V640:chr13:70293596	RA000_L8d	0	0.985319816	0.037026959	0.26618705
KLK12:p.G178E:chr19:51534102	RA000_L8d	0	0.976307597	0.085573599	0.126582278
KLK12:p.R91:chr19:51534102	RA000_L8d	0	0.975345189	0.088434542	0.126582278
KRT4:p.E237V:chr12:53203231	RA000_L8d	0	0.973759396	0.095444884	0.19379845
KRT75:p.G16C:chr12:52828043	RA000_L8d	0	0.990220274	0.0134329	0.522522523
L1CAM:p.T328S:chrX:153135520	RA000_L8d	0	0.990365661	0.012985625	0.578125
LAMB3:p.C806Y:chr1:209796466	RA000_L8d	0	0.976726956	0.079818354	0.345132743
LAMP5:p.H234N:chr20:9510456	RA000_L8d	0	0.989951216	0.014797269	0.453781513
LBP:p.L269I:chr20:36993290	RA000_L8d	0	0.989793909	0.017842637	0.462264151
LCE1F:p.G58GCCSSGC:chr1:152749019	RA000_L8d	0	0.989235978	0.020411222	0.505747126
LCE3E:p.G90V:chr1:152538416	RA000_L8d	0	0.985354404	0.03595036	0.395209581
LGR4:p.N211:chr11:27405939	RA000_L8d	0	0.989842812	0.01816776	0.423728814
LMX1A:p.I15M:chr1:165324752	RA000_L8d	0	0.987925498	0.024205876	0.440677966
LONP1:p.A732:chr19:5694522	RA000_L8d	0	0.975269051	0.088364073	0.12173913
LOXHD1:p.R924Q:chr18:44140336	RA000_L8d	0	0.98492879	0.038637745	0.346774194
LPHN2:p.A530S:chr1:82416797	RA000_L8d	0	0.988649709	0.022723823	0.291512915
LPHN2:p.H524Q:chr1:82416781	RA000_L8d	0	0.98910588	0.019277385	0.304964539
LPHN2:p.L529:chr1:82416796	RA000_L8d	0	0.988913968	0.021517069	0.295620438
LPIN2:p.Q10L:chr18:2960810	RA000_L8d	0	0.980026905	0.06450389	0.23956044
LPPR4:p.R369H:chr1:99771854	RA000_L8d	0	0.989020769	0.020571355	0.327102804
LRMP:p.K174M:chr12:25243046	RA000_L8d	0	0.948767846	0.159624589	0.198757764
LRP1B:p.M3926I:chr2:141108480	RA000_L8d	0	0.987309956	0.02672912	0.545454545
LRP2:p.T730S:chr2:170113673	RA000_L8d	0	0.94257326	0.169876803	0.096774194
LRRC53:p.D1060V:chr1:74936127	RA000_L8d	0	0.985038391	0.036104889	0.264
LRRC9:p.L767V:chr14:60464461	RA000_L8d	0	0.973937285	0.094265981	0.197674419
LRRN3:p.R276*:chr7:110763654	RA000_L8d	0	0.988636518	0.021441845	0.289640592
LTBP1:p.T873:chr2:33488458	RA000_L8d	0	0.95833098	0.139296317	0.165605096
LTC4S:p.E4K:chr5:179221091	RA000_L8d	0	0.990326754	0.012861928	0.358139535
LYNX1:p.A80G:chr8:143845903	RA000_L8d	0	0.96065927	0.136159826	0.072072072
MAD2L1BP:p.P193:chr6:43607928	RA000_L8d	0	0.974276183	0.097027359	0.130434783
MAN1C1:p.A100:chr1:25944588	RA000_L8d	0	0.982063426	0.060614523	0.214285714
MAP1A:p.R2716H:chr15:43821959	RA000_L8d	11	0.567611087	0.356089979	0.054945055
MAP6:p.A62V:chr11:75379230	RA000_L8d	0	0.975764714	0.088327244	0.136363636
MARK1:p.T324S:chr1:220804437	RA000_L8d	0	0.952820023	0.154335813	0.193877551
MARK4:p.R687S:chr19:45805768	RA000_L8d	0	0.988678894	0.023010972	0.305970149
MAX:p.A10V:chr14:65544139	RA000_L8d	0	0.981285666	0.075193226	0.158695652
MAX:p.S101:chr14:65544139	RA000_L8d	0	0.978691835	0.086411178	0.158695652
MBD5:p.A586T:chr2:149227268	RA000_L8d	0	0.965811027	0.121747424	0.126436782
MCF2L:p.M1V:chr13:113669085	RA000_L8d	0	0.989584049	0.017640369	0.312757202
MCF2L:p.M30V:chr13:113669085	RA000_L8d	0	0.989402899	0.019503265	0.312757202
MED12:p.R736H:chrX:70345277	RA000_L8d	0	0.930477749	0.186745041	0.076923077
MICAL2:p.N972H:chr11:12277256	RA000_L8d	0	0.975291028	0.086641147	0.146341463
MKI67:p.P1498S:chr10:129905612	RA000_L8d	0	0.982380978	0.049413641	0.301136364
MLL3:p.V2060G:chr7:151878766	RA000_L8d	0	0.980753109	0.059890576	0.216
MMP14:p.G100E:chr14:23311163	RA000_L8d	0	0.975083254	0.094059768	0.182692308
MMP9:p.R546W:chr20:44642321	RA000_L8d	0	0.987175091	0.030788976	0.37755102
MON2::chr12:62960101	RA000_L8d	0	0.981672946	0.047917773	0.362162162
MPP3:p.P306L:chr17:41895443	RA000_L8d	0	0.949168456	0.154175719	0.095890411
MPP4:p.E172*:chr2:202549847	RA000_L8d	0	0.988216767	0.023365689	0.566666667
MRC1L1:p.D31Y:chr10:17865102	RA000_L8d	0	0.990543531	0.012599791	0.75
MRPS18C:p.Q104E:chr4:84382143	RA000_L8d	3	0.241311982	0.094214448	0.025454545
MSH4:p.C798*:chr1:76363630	RA000_L8d	0	0.979882454	0.074584809	0.146551724
MTOR:p.D826Y:chr1:11292531	RA000_L8d	0	0.978509785	0.056669	0.23923445
MUC12:p.G89C:chr7:100634109	RA000_L8d	0	0.978952404	0.054019432	0.365461847
MUC16:p.C12302*:chr19:9024956	RA000_L8d	0	0.981646234	0.050128089	0.244755245
MUC16:p.I12145:chr19:9028357	RA000_L8d	0	0.989515351	0.017523841	0.316742081
MUC16:p.I5002M:chr19:9072440	RA000_L8d	0	0.989096818	0.021082247	0.336206897
MUC16:p.M7897I:chr19:9063755	RA000_L8d	0	0.982599916	0.045323183	0.255230126
MUC16:p.P855:chr19:9089250	RA000_L8d	0	0.984536598	0.040809784	0.255102041
MUC16:p.S7801C:chr19:9064044	RA000_L8d	0	0.990055581	0.016224351	0.357142857
MUC16:p.T10526A:chr19:9050055	RA000_L8d	0	0.985428068	0.036831508	0.267857143
MUC16:p.T7861N:chr19:9063864	RA000_L8d	0	0.98707881	0.030277855	0.285714286
MUC6:p.T2058I:chr11:1016628	RA000_L8d	3	0.252686968	0.104278692	0.04
MVP:p.Y389C:chr16:29851755	RA000_L8d	0	0.983383094	0.053726947	0.228346457
MYH10:p.D530Y:chr17:8445460	RA000_L8d	0	0.990015432	0.015898863	0.470873786
MYH9:p.H1245Q:chr22:36690240	RA000_L8d	0	0.989694294	0.015768999	0.368159204
MYT1L:p.D256Y:chr2:1926775	RA000_L8d	0	0.988532955	0.021542423	0.4437751
NAA11:p.S204I:chr4:80246421	RA000_L8d	0	0.989227623	0.020514992	0.312977099
NAV1:p.R962*:chr1:201755594	RA000_L8d	0	0.947224649	0.165368735	0.143678161
NAV3:p.R2241L:chr12:78594259	RA000_L8d	0	0.963476892	0.127405661	0.125
NCAM2:p.D197H:chr21:22664531	RA000_L8d	0	0.984734157	0.038257485	0.262626263
NES:p.E1524Q:chr1:156639410	RA000_L8d	0	0.977060104	0.080255079	0.254658385
NGEF:p.P227:chr2:233785141	RA000_L8d	0	0.920900254	0.199332963	0.090225564
NLRP13:p.S736:chr19:56422003	RA000_L8d	0	0.989499311	0.017496782	0.333333333
NLRP14:p.Y340*:chr11:7064277	RA000_L8d	0	0.990079146	0.013864146	0.370044053
NLRP3:p.S161I:chr1:247587227	RA000_L8d	0	0.976164218	0.079305352	0.274509804
NMB:p.Q128:chr15:85198582	RA000_L8d	0	0.955183297	0.130096195	0.12371134
NODAL:p.Q3H:chr10:72207699	RA000_L8d	0	0.961380501	0.13027256	0.101449275
NODAL:p.Q3L:chr10:72207700	RA000_L8d	0	0.963949463	0.124987243	0.103703704
NOS1:p.R1001Q:chr12:117680471	RA000_L8d	0	0.911718056	0.212852752	0.078947368
NPAP1:p.L638:chr15:24922928	RA000_L8d	0	0.990083466	0.013744905	0.384180791
NPAP1:p.S182T:chr15:24921559	RA000_L8d	9	0.777539631	0.309395753	0.082191781
NPAS3:p.P210:chr14:34145584	RA000_L8d	0	0.99002725	0.015812862	0.651685393
NPR2:p.R557H:chr9:35802240	RA000_L8d	0	0.989621476	0.018546533	0.401960784
NPY5R:p.L192P:chr4:164272000	RA000_L8d	0	0.989589998	0.018305379	0.362790698
NSUN6:p.S227R:chr10:18885233	RA000_L8d	0	0.974820401	0.097850844	0.128712871
NTN3:p.A88:chr16:2521966	RA000_L8d	0	0.988724534	0.023190815	0.358208955
NTRK1:p.G595W:chr1:156846342	RA000_L8d	0	0.965085083	0.122796157	0.176470588
NTRK1:p.V777G:chr1:156851373	RA000_L8d	0	0.965542544	0.119631441	0.2125
NUDT4:p.L141:chr12:93793032	RA000_L8d	3	0.235454082	0.08080168	0.026209677
NYAP1:p.R321L:chr7:100086477	RA000_L8d	0	0.950729287	0.145044826	0.100591716
NYAP1:p.R378:chr7:100086476	RA000_L8d	0	0.949176086	0.145461304	0.1
NYX:p.R335C:chrX:41333709	RA000_L8d	0	0.97375783	0.096823115	0.193548387
OBSCN::chr1:228491374	RA000_L8d	0	0.986527287	0.031595737	0.506072874
OGDHL::chr10:50943398	RA000_L8d	0	0.978291244	0.073788705	0.235294118
OIT3:p.W115*:chr10:74658704	RA000_L8d	0	0.983606448	0.047305127	0.295566502
OMG:p.H170Q:chr17:29622840	RA000_L8d	0	0.990114402	0.015882534	0.48
OR10Q1:p.A120V:chr11:57995989	RA000_L8d	0	0.981696589	0.065993905	0.1625
OR10R2:p.A46S:chr1:158449803	RA000_L8d	0	0.975544062	0.092040682	0.226480836
OR13F1:p.D266E:chr9:107267341	RA000_L8d	0	0.957933468	0.125501284	0.109090909
OR1N2:p.G3D:chr9:125315456	RA000_L8d	0	0.977306091	0.09191476	0.145259939
OR2AG1:p.Q172K:chr11:6806782	RA000_L8d	0	0.985140749	0.049430448	0.182242991
OR2T10:p.R26H:chr1:248756993	RA000_L8d	0	0.970566843	0.114206126	0.118644068
OR2T4:p.L183:chr1:248525431	RA000_L8d	0	0.971945719	0.100220917	0.218823529
OR2T6:p.V140G:chr1:248551328	RA000_L8d	0	0.977786683	0.075864681	0.27480916
OR4K13:p.S53:chr14:20502759	RA000_L8d	0	0.989457374	0.018132766	0.447019868
OR4M2:p.Y260C:chr15:22369354	RA000_L8d	13	0.594919607	0.336406181	0.086516854
OR51T1:p.L310M:chr11:4903976	RA000_L8d	0	0.98092205	0.068110602	0.156976744
OR52E8:p.Q59K:chr11:5878758	RA000_L8d	0	0.985321463	0.047643051	0.212121212
OR56A3:p.Q104H:chr11:5968888	RA000_L8d	0	0.982851238	0.05997192	0.173913043
OR5I1:p.L168M:chr11:55703375	RA000_L8d	0	0.982401977	0.045837074	0.255725191
OR5M9:p.I44:chr11:56230746	RA000_L8d	0	0.989771737	0.017546948	0.32421875
OR6K3:p.F29L:chr1:158687821	RA000_L8d	0	0.989434785	0.018301338	0.460227273
OR8B2:p.A15S:chr11:124253197	RA000_L8d	0	0.977921438	0.069208582	0.339734121
OR8B3:p.A15S:chr11:124267205	RA000_L8d	0	0.977301833	0.077922999	0.310810811
OR8H3:p.V297:chr11:55890739	RA000_L8d	0	0.976888502	0.057310485	0.247685185
OR8I2:p.A231S:chr11:55861474	RA000_L8d	0	0.987164028	0.028497705	0.278801843
OR8J3:p.G103W:chr11:55904888	RA000_L8d	0	0.975917211	0.063203785	0.237885463
OR9G4:p.V218:chr11:56510634	RA000_L8d	0	0.989455162	0.019621863	0.324022346
OTOG:p.I2560:chr11:17656685	RA000_L8d	0	0.976178238	0.083465041	0.146067416
PACS2:p.S337C:chr14:105846125	RA000_L8d	0	0.971537093	0.097925445	0.213675214
PAH:p.E280K:chr12:103246597	RA000_L8d	0	0.969268789	0.1125558	0.136842105
PANX2:p.T615:chr22:50617517	RA000_L8d	0	0.989291542	0.020287361	0.368852459
PAPL:p.P379:chr19:39597610	RA000_L8d	0	0.983418847	0.053916708	0.19375
PAPPA2:p.V1120E:chr1:176671865	RA000_L8d	0	0.961938497	0.132920311	0.098591549
PARP14:p.A2V:chr3:122399735	RA000_L8d	0	0.942082755	0.165847027	0.100671141
PCDH15:p.P1695T:chr10:55582409	RA000_L8d	0	0.960822612	0.130034916	0.101973684
PCDHA3:p.P364A:chr5:140181872	RA000_L8d	0	0.988117038	0.025041172	0.288888889
PCDHGA11:p.G621W:chr5:140802655	RA000_L8d	0	0.98601238	0.036080784	0.271604938
PCDHGB1:p.M770I:chr5:140732137	RA000_L8d	0	0.990289906	0.013494788	0.381818182
PDCD1:p.L41M:chr2:242795088	RA000_L8d	0	0.990099758	0.014682232	0.631578947
PDE4A:p.Y602:chr19:10574531	RA000_L8d	0	0.983807749	0.056959775	0.169811321
PDE4B:p.I13T:chr1:66798110	RA000_L8d	0	0.978618473	0.077730673	0.136752137
PDGFRA:p.L839M:chr4:55152083	RA000_L8d	0	0.984201212	0.05126752	0.185714286
PDLIM5:p.R246L:chr4:95506742	RA000_L8d	0	0.98428157	0.049001798	0.234042553
PDZRN4:p.G87A:chr12:41582517	RA000_L8d	0	0.951030715	0.15653216	0.061728395
PGBD3:p.Y660N:chr10:50724587	RA000_L8d	0	0.990168712	0.013792654	0.422163588
PGLYRP2:p.V526:chr19:15580506	RA000_L8d	0	0.987655457	0.02833394	0.304347826
PHF2::chr9:96425798	RA000_L8d	0	0.987799224	0.031541548	0.545454545
PHKA2:p.V1164M:chrX:18912369	RA000_L8d	0	0.990240883	0.01376061	0.619047619
PI4KA:p.S410R:chr22:21159392	RA000_L8d	0	0.97931296	0.073700418	0.157894737
PIK3C2B:p.K297M:chr1:204438041	RA000_L8d	0	0.960659705	0.132387127	0.071428571
PKHD1:p.T161:chr6:51938305	RA000_L8d	0	0.968501417	0.113779076	0.110091743
PKHD1:p.W1912C:chr6:51875122	RA000_L8d	0	0.986170802	0.03259267	0.358974359
PLCH2:p.P1089:chr1:2435668	RA000_L8d	0	0.986539013	0.03260271	0.277777778
PLEKHA6:p.S625C:chr1:204216539	RA000_L8d	4	0.805039365	0.309658806	0.035897436
PLEKHG5:p.D70N:chr1:6535524	RA000_L8d	0	0.988588022	0.024210673	0.333333333
PLEKHM2:p.E5:chr1:16011068	RA000_L8d	0	0.989483272	0.018662936	0.34375
PLXNA2:p.L77:chr1:208391037	RA000_L8d	0	0.949039889	0.161785879	0.193548387
PLXNB3:p.P40:chrX:153032333	RA000_L8d	0	0.989583166	0.017458884	0.543478261
PNCK:p.A326D:chrX:152936036	RA000_L8d	0	0.983523316	0.054277513	0.333333333
POLA1:p.K429*:chrX:24742554	RA000_L8d	0	0.977359435	0.080991278	0.228571429
POLR2A:p.E223A:chr17:7400213	RA000_L8d	0	0.960610942	0.13027595	0.115942029
POM121L12:p.A263T:chr7:53104151	RA000_L8d	0	0.981153263	0.049832314	0.251141553
PPARGC1A:p.V286L:chr4:23825924	RA000_L8d	0	0.982952582	0.06018908	0.151515152
PPARGC1B:p.S851Y:chr5:149221868	RA000_L8d	0	0.986465072	0.035060083	0.3
PPFIA2:p.R44H:chr12:82147870	RA000_L8d	0	0.987097872	0.027800257	0.420118343
PPM1D:p.D295V:chr17:58725310	RA000_L8d	0	0.93336113	0.183311709	0.062111801
PPM1G:p.K73I:chr2:27609119	RA000_L8d	0	0.990095474	0.014421356	0.536363636
PPP1R1A:p.R8Q:chr12:54982250	RA000_L8d	0	0.975344838	0.093590778	0.149122807
PREX1:p.Q1009H:chr20:47266535	RA000_L8d	0	0.989967617	0.015805023	0.462809917
PRKACB:p.M89I:chr1:84650803	RA000_L8d	0	0.981755557	0.056626908	0.213592233
PRKACB:p.V90I:chr1:84650804	RA000_L8d	0	0.981861969	0.054780653	0.219047619
PRKCG:p.D277H:chr19:54401769	RA000_L8d	0	0.98671396	0.033653453	0.298507463
PROS1:p.G52C:chr3:93646174	RA000_L8d	0	0.988762983	0.023023441	0.418918919
PRPF4:p.G405:chr9:116053046	RA000_L8d	0	0.975096533	0.097248166	0.123873874
PRPS2:p.T242A:chrX:12838782	RA000_L8d	0	0.989569501	0.017468851	0.507692308
PRUNE2:p.R2903S:chr9:79259674	RA000_L8d	0	0.986416772	0.031531391	0.275362319
PSG1:p.A356E:chr19:43372429	RA000_L8d	0	0.984206418	0.039172674	0.263374486
PSMC2:p.K316E:chr7:103007961	RA000_L8d	0	0.982831634	0.062645751	0.16
PSMD11:p.I319:chr17:30806313	RA000_L8d	0	0.956110822	0.140216608	0.109090909
PTCHD2:p.G1008R:chr1:11589936	RA000_L8d	0	0.987276437	0.031161656	0.3
PTPN3:p.-913:chr9:112141834	RA000_L8d	0	0.931375874	0.170522745	0.098765432
PTPN3:p.QMLD908H:chr9:112141845	RA000_L8d	0	0.928358923	0.175173966	0.098214286
PTPRB:p.E1329*:chr12:70956807	RA000_L8d	0	0.974833388	0.09596879	0.138248848
PTPRD:p.Q424K:chr9:8518082	RA000_L8d	0	0.987957771	0.0257233	0.378787879
PTPRT:p.P797H:chr20:40827951	RA000_L8d	0	0.989535843	0.018265072	0.421383648
RALGAPA2:p.N638:chr20:20585943	RA000_L8d	0	0.973506202	0.099694189	0.11815562
RARRES2:p.A155T:chr7:150035743	RA000_L8d	0	0.899434371	0.224759928	0.075268817
RBFOX1:p.P38H:chr16:7568174	RA000_L8d	0	0.985358641	0.047788188	0.201257862
REG3A:p.V102:chr2:79385479	RA000_L8d	0	0.970649725	0.111013122	0.148648649
RELN:p.G1328A:chr7:103230205	RA000_L8d	0	0.989904879	0.014375405	0.329411765
REPIN1:p.V481L:chr7:150069600	RA000_L8d	0	0.99006869	0.014043266	0.35
RHBDF1:p.G146W:chr16:113611	RA000_L8d	0	0.989841785	0.016143948	0.411764706
RHCG:p.P461:chr15:90016023	RA000_L8d	0	0.987743342	0.025905746	0.336206897
RIMS2:p.H416L:chr8:104922747	RA000_L8d	0	0.989330219	0.020381091	0.568181818
RIMS4:p.R36W:chr20:43400046	RA000_L8d	0	0.967712865	0.114467516	0.110294118
RNF103:p.A311G:chr2:86832092	RA000_L8d	5	0.828983252	0.287458745	0.073619632
RNF123:p.P58:chr3:49734582	RA000_L8d	0	0.98379646	0.048339477	0.2890625
RNF20:p.R514H:chr9:104314675	RA000_L8d	0	0.983471875	0.057029686	0.185950413
ROBO1:p.V219L:chr3:78766919	RA000_L8d	0	0.978036123	0.054512829	0.330882353
RP11-144F15.1:p.GNAS106A:chr12:106889960	RA000_L8d	15	0.695041855	0.343686255	0.066079295
RP11-571M6.15:p.H39L:chr12:58176932	RA000_L8d	0	0.989195426	0.020073417	0.445783133
RP11-766F14.2:p.F1728L:chr4:100570622	RA000_L8d	0	0.97579929	0.086791857	0.130769231
RP11-89K11.1:p.A29V:chr15:102284690	RA000_L8d	0	0.958269117	0.109230532	0.264840183
RPGRIP1L:p.A9S:chr16:53734611	RA000_L8d	0	0.925772885	0.193812824	0.15483871
RRBP1:p.E233K:chr20:17623689	RA000_L8d	0	0.971774454	0.096622198	0.192307692
RRP1B:p.G584C:chr21:45108005	RA000_L8d	0	0.984666679	0.045104007	0.25
RTKN2:p.A18S:chr10:63983069	RA000_L8d	0	0.972485724	0.104617086	0.153061224
RUNDC3B:p.K268M:chr7:87400019	RA000_L8d	0	0.989026171	0.020398933	0.309352518
RYR2:p.R1100:chr1:237729950	RA000_L8d	0	0.979452451	0.068147692	0.363636364
RYR2:p.V3126:chr1:237865288	RA000_L8d	0	0.981263449	0.058287083	0.382198953
RYR3:p.W3302L:chr15:34093045	RA000_L8d	0	0.972050019	0.091268927	0.1375
SAMD9:p.T234I:chr7:92734710	RA000_L8d	0	0.989285919	0.018909796	0.313364055
SCN10A:p.L110M:chr3:38833602	RA000_L8d	0	0.982702505	0.049637537	0.297468354
SCN1B:p.I203:chr19:35530557	RA000_L8d	0	0.988224444	0.026040362	0.308270677
SDK2:p.P1085:chr17:71394273	RA000_L8d	0	0.970648157	0.110866214	0.117318436
SEMA3E:p.G113S:chr7:83095917	RA000_L8d	0	0.940165346	0.161371979	0.097674419
SEMA4C:p.V521F:chr2:97527514	RA000_L8d	0	0.95805871	0.137261039	0.203703704
SEMA6A:p.T206N:chr5:115824622	RA000_L8d	0	0.990207671	0.01325262	0.414414414
SERPINA11:p.A46:chr14:94914974	RA000_L8d	0	0.935174109	0.174095277	0.097826087
SERPINB11::chr18:61378629	RA000_L8d	0	0.984006682	0.046814342	0.291891892
SERPINB11:p.E51*:chr18:61377578	RA000_L8d	0	0.981110354	0.06185555	0.25
SETBP1:p.L1173I:chr18:42532822	RA000_L8d	0	0.989773556	0.01749579	0.409266409
SETBP1:p.N1204Y:chr18:42532915	RA000_L8d	0	0.96415837	0.108760904	0.195219124
SETBP1:p.P1003Q:chr18:42532313	RA000_L8d	0	0.965015285	0.112250082	0.184738956
SH2D4B:p.N331H:chr10:82403754	RA000_L8d	0	0.972885425	0.101881226	0.116504854
SHPK:p.A257V:chr17:3493375	RA000_L8d	0	0.989254177	0.018584297	0.462264151
SIPA1L2:p.S1382C:chr1:232568104	RA000_L8d	0	0.943522008	0.169809579	0.147208122
SLC14A2:p.N415Y:chr18:43224017	RA000_L8d	0	0.982507476	0.055935429	0.249291785
SLC22A8:p.C217*:chr11:62766503	RA000_L8d	0	0.98668964	0.031435778	0.273504274
SLC26A3:p.L89:chr7:107434193	RA000_L8d	0	0.987482345	0.028296962	0.284946237
SLC27A6:p.L19F:chr5:128301887	RA000_L8d	0	0.981429504	0.053091298	0.228813559
SLC34A3:p.I422:chr9:140129114	RA000_L8d	0	0.975826163	0.094536147	0.126829268
SLC7A14:p.P557:chr3:170198400	RA000_L8d	0	0.97580985	0.093458531	0.147058824
SLC8A3:p.A839:chr14:70512931	RA000_L8d	0	0.990663748	0.011375563	0.527272727
SLC9A1:p.I189N:chr1:27440564	RA000_L8d	0	0.984164445	0.055760266	0.150943396
SLCO3A1:p.I587V:chr15:92705991	RA000_L8d	0	0.987872124	0.026552457	0.339285714
SLIT3:p.L1250:chr5:168100273	RA000_L8d	0	0.980886034	0.054648903	0.24137931
SOHLH1:p.W314L:chr9:138586238	RA000_L8d	0	0.982456238	0.057075559	0.252808989
SP100:p.R554T:chr2:231363191	RA000_L8d	8	0.887884527	0.239244431	0.07826087
SP6:p.P212:chr17:45925160	RA000_L8d	0	0.980410256	0.066041778	0.234042553
SPATA16:p.W374C:chr3:172643242	RA000_L8d	0	0.976102376	0.093117794	0.144615385
SPATA31D1:p.S936:chr9:84608193	RA000_L8d	0	0.985723756	0.034765589	0.270096463
SPATA5L1:p.N426D:chr15:45702570	RA000_L8d	0	0.98935957	0.019207325	0.35483871
SPECC1:p.R723L:chr17:20135535	RA000_L8d	0	0.990253702	0.014066615	0.566666667
SPEF1:p.P151:chr20:3759419	RA000_L8d	0	0.958414124	0.136393654	0.095890411
SPTA1:p.F1188L:chr1:158619653	RA000_L8d	0	0.967658976	0.120160852	0.12
SPTLC2:p.A443P:chr14:77987901	RA000_L8d	0	0.989792184	0.016738238	0.474747475
SRGAP3:p.R282:chr3:9100112	RA000_L8d	0	0.98407618	0.044178486	0.323529412
ST8SIA3:p.Q361H:chr18:55027448	RA000_L8d	0	0.973880374	0.100925083	0.152777778
ST8SIA5:p.R234L:chr18:44260435	RA000_L8d	0	0.988075882	0.024658766	0.374233129
STAT3:p.P471R:chr17:40477033	RA000_L8d	0	0.989386374	0.019753414	0.4
STK11:p.R425H:chr19:1226618	RA000_L8d	0	0.982247103	0.058598287	0.20754717
STON1-GTF2A1L:p.L114:chr2:48808114	RA000_L8d	0	0.984269453	0.035269469	0.524229075
STON1:p.L114:chr2:48808114	RA000_L8d	0	0.98389239	0.036580527	0.524229075
STX4:p.L83:chr16:31045797	RA000_L8d	0	0.982328673	0.060400627	0.177419355
SWT1:p.N258D:chr1:185144051	RA000_L8d	0	0.984831471	0.039473051	0.260416667
SYCP2:p.S1519T:chr20:58439404	RA000_L8d	0	0.936244633	0.169995853	0.09010989
TALDO1:p.L156:chr11:763350	RA000_L8d	0	0.979671367	0.070983809	0.170731707
TARBP1:p.L828V:chr1:234565960	RA000_L8d	0	0.963328863	0.134486834	0.10989011
TARS:p.G643:chr5:33462303	RA000_L8d	0	0.988799863	0.022079687	0.509433962
TAS2R1:p.Q167*:chr5:9629646	RA000_L8d	0	0.971617925	0.102290423	0.228971963
TAS2R30:p.L202P:chr12:11286239	RA000_L8d	3	0.242503788	0.079013176	0.040983607
TBCK:p.-79:chr4:107216281	RA000_L8d	0	0.985205237	0.036285439	0.265536723
TBX5:p.K20E:chr12:114841646	RA000_L8d	0	0.990484713	0.011600084	0.518796992
TCERG1L:p.I479F:chr10:132902578	RA000_L8d	0	0.982395743	0.056617748	0.253807107
THSD7B:p.P1130Q:chr2:138373794	RA000_L8d	0	0.990333472	0.013263018	0.606741573
TIAM1:p.A1339:chr21:32502559	RA000_L8d	0	0.988921981	0.021498872	0.325842697
TIAM1:p.A1346E:chr21:32502539	RA000_L8d	0	0.987693357	0.027302926	0.3
TKTL2:p.Y148N:chr4:164394445	RA000_L8d	0	0.987238913	0.02865735	0.323170732
TM7SF2:p.R8W:chr11:64879509	RA000_L8d	0	0.989824335	0.016309393	0.346774194
TMC1:p.T45:chr9:75309529	RA000_L8d	0	0.983422572	0.049697584	0.233766234
TMC2:p.E372*:chr20:2577834	RA000_L8d	0	0.982844873	0.052057801	0.28125
TMEM132B:p.V350L:chr12:126138531	RA000_L8d	0	0.990252445	0.01425017	0.515151515
TMEM200A:p.P244H:chr6:130762298	RA000_L8d	0	0.989071881	0.018859944	0.505154639
TMEM215:p.I45:chr9:32784316	RA000_L8d	0	0.986573902	0.030862977	0.355555556
TMEM79:p.R241H:chr1:156255739	RA000_L8d	0	0.968337365	0.120111388	0.109649123
TNFRSF18:p.P159L:chr1:1139539	RA000_L8d	0	0.978471606	0.061628249	0.228395062
TNKS2:p.H1048N:chr10:93619266	RA000_L8d	0	0.928134835	0.184781936	0.085443038
TNS4:p.-225:chr17:38644963	RA000_L8d	10	0.512345924	0.353903854	0.032258065
TRAK1:p.L684:chr3:42251738	RA000_L8d	0	0.98934276	0.018507801	0.393063584
TRANK1:p.N1363Y:chr3:36875205	RA000_L8d	0	0.959667298	0.13295985	0.098901099
TREML2:p.S268Y:chr6:41160622	RA000_L8d	0	0.984240603	0.042269376	0.323076923
TRHDE:p.V264F:chr12:72680471	RA000_L8d	0	0.966154769	0.1055746	0.216494845
TRIM58:p.-388:chr1:248039491	RA000_L8d	0	0.973630317	0.096480791	0.231884058
TRIM63:p.A318T:chr1:26383721	RA000_L8d	0	0.91026028	0.210375977	0.079207921
TRPM8:p.S634R:chr2:234875276	RA000_L8d	0	0.962696515	0.129956305	0.129310345
TRPV1:p.A257V:chr17:3493375	RA000_L8d	0	0.98941427	0.018056065	0.462264151
TSFM:p.T33S:chr12:58176932	RA000_L8d	0	0.989011452	0.019448401	0.445783133
TSHZ3:p.V26L:chr19:31770623	RA000_L8d	0	0.985831071	0.033975536	0.269662921
TSPAN10:p.D268N:chr17:79615058	RA000_L8d	0	0.976367014	0.092643344	0.141104294
TSPAN19:p.Y159*:chr12:85411352	RA000_L8d	0	0.986753047	0.030104453	0.40625
TTC37:p.C1349R:chr5:94820436	RA000_L8d	0	0.988652735	0.023155378	0.308571429
TTC40:p.P876Q:chr10:134723445	RA000_L8d	0	0.971316806	0.106462487	0.137931034
TTC6:p.D1116Y:chr14:38256752	RA000_L8d	0	0.956413279	0.140260133	0.109243697
TTF2:p.W794*:chr1:117632715	RA000_L8d	0	0.984092053	0.054640074	0.179104478
TTLL3:p.-116?:chr3:9852037	RA000_L8d	0	0.984582053	0.047658908	0.346153846
TTLL8:p.M132K:chr22:50485703	RA000_L8d	0	0.971076248	0.097783948	0.138211382
TTLL8:p.P133:chr22:50485699	RA000_L8d	0	0.977127226	0.080352343	0.148760331
TTLL8:p.P133L:chr22:50485700	RA000_L8d	0	0.976652461	0.082309115	0.146341463
TTLL8:p.P133S:chr22:50485701	RA000_L8d	0	0.976006086	0.082538916	0.144
TTN:p.E1953A:chr2:179640733	RA000_L8d	17	0.777204923	0.31401152	0.076677316
TTN:p.E9255Q:chr2:179558667	RA000_L8d	0	0.988897753	0.018902763	0.568232662
TTN:p.G1718V:chr2:179641438	RA000_L8d	0	0.985257044	0.033661876	0.53164557
TTN:p.G1718W:chr2:179641439	RA000_L8d	0	0.985910087	0.031687201	0.5375
TTN:p.V2818L:chr2:179634976	RA000_L8d	0	0.974024247	0.102330056	0.145833333
U2SURP:p.L481:chr3:142747245	RA000_L8d	0	0.971890052	0.103219779	0.134615385
UNC13A:p.L1355:chr19:17737450	RA000_L8d	0	0.980472053	0.070436041	0.152941176
UNC13A:p.T669M:chr19:17758106	RA000_L8d	0	0.970370765	0.105708752	0.120689655
UNC13C:p.Q1830H:chr15:54817785	RA000_L8d	0	0.907820915	0.214109513	0.086206897
UNC13C:p.V1831F:chr15:54817786	RA000_L8d	0	0.905658155	0.217837541	0.086206897
UNC5D:p.C657*:chr8:35608135	RA000_L8d	0	0.904802221	0.213489513	0.061983471
UNC80:p.H820N:chr2:210690757	RA000_L8d	0	0.987242199	0.029044416	0.532467532
UNCX:p.G169D:chr7:1275523	RA000_L8d	0	0.982936816	0.048141923	0.242105263
UROC1:p.W597L:chr3:126207041	RA000_L8d	0	0.974707065	0.091394505	0.204724409
USH2A:p.V807:chr1:216420315	RA000_L8d	0	0.973427627	0.081376618	0.28
VASP:p.P179T:chr19:46025654	RA000_L8d	0	0.989835801	0.016591698	0.470588235
VCAN:p.A817P:chr5:82834232	RA000_L8d	0	0.899534377	0.221732549	0.07826087
VPS13B:p.T1429A:chr8:100523392	RA000_L8d	0	0.989457131	0.017539046	0.518
VPS13B:p.T745M:chr8:100182292	RA000_L8d	0	0.967316738	0.122655271	0.085245902
VPS13C:p.G2368*:chr15:62212807	RA000_L8d	0	0.984698336	0.048384066	0.223529412
VWA5B1:p.T434:chr1:20664485	RA000_L8d	0	0.987906075	0.025650552	0.290816327
VWA5B1:p.T434N:chr1:20664484	RA000_L8d	0	0.987991007	0.025370643	0.289340102
WASF2:p.T424:chr1:27736253	RA000_L8d	0	0.983564562	0.060234021	0.143769968
WDR66:p.P796:chr12:122399964	RA000_L8d	0	0.972438098	0.101924929	0.171875
WDR67:p.K613:chr8:124141346	RA000_L8d	0	0.964143234	0.123282054	0.244541485
WDR67:p.R720G:chr8:124141346	RA000_L8d	0	0.965517022	0.119997913	0.244541485
WDR7:p.R972:chr18:54446729	RA000_L8d	0	0.989622711	0.017061335	0.392307692
WISP2:p.N206H:chr20:43356058	RA000_L8d	0	0.983335024	0.051758512	0.28057554
WNT3A:p.P354S:chr1:228247907	RA000_L8d	0	0.968806473	0.11773964	0.085910653
WT1:p.G166:chr11:32456394	RA000_L8d	0	0.989958219	0.01512316	0.408333333
WWC1:p.K226R:chr5:167833289	RA000_L8d	0	0.972194297	0.094968018	0.117318436
XKR7:p.Y563*:chr20:30585209	RA000_L8d	0	0.983376471	0.048310933	0.303278689
YIF1A:p.L241R:chr11:66052357	RA000_L8d	0	0.974011633	0.09107487	0.12195122
ZFAND6:p.M1I:chr15:80365644	RA000_L8d	0	0.971600099	0.08879116	0.141057935
ZFHX2:p.K2187M:chr14:23992591	RA000_L8d	0	0.984236998	0.040323735	0.379310345
ZFHX4:p.I1841:chr8:77764680	RA000_L8d	0	0.957522796	0.142720607	0.190322581
ZFPM2:p.K1138R:chr8:106815723	RA000_L8d	0	0.958938547	0.135825817	0.226130653
ZHX3:p.E227K:chr20:39832878	RA000_L8d	0	0.976091597	0.092069348	0.160377358
ZMAT3:p.K173*:chr3:178745474	RA000_L8d	0	0.990328631	0.013879065	0.509259259
ZNF16:p.G41*:chr8:146171472	RA000_L8d	0	0.974427906	0.089606119	0.295652174
ZNF16:p.G41V:chr8:146171471	RA000_L8d	0	0.974119257	0.090199321	0.297413793
ZNF25:p.V45F:chr10:38246357	RA000_L8d	0	0.984441312	0.047521747	0.275700935
ZNF358:p.G399S:chr19:7585323	RA000_L8d	0	0.989476144	0.019333502	0.367647059
ZNF418:p.Y482C:chr19:58438104	RA000_L8d	0	0.976949245	0.068673947	0.208955224
ZNF454:p.E213:chr5:178392044	RA000_L8d	0	0.980715613	0.069998957	0.131979695
ZNF488:p.H186:chr10:48371411	RA000_L8d	0	0.973610336	0.100491464	0.159090909
ZNF518B:p.E214A:chr4:10447312	RA000_L8d	0	0.983883345	0.058327252	0.149746193
ZNF536:p.H69:chr19:30934676	RA000_L8d	0	0.988596505	0.023012902	0.31292517
ZNF560:p.E211V:chr19:9578991	RA000_L8d	0	0.988358915	0.023136157	0.295566502
ZNF566:p.Y368C:chr19:36940036	RA000_L8d	0	0.986555729	0.030356069	0.275862069
ZNF578:p.I106:chr19:53013952	RA000_L8d	0	0.984271931	0.057476365	0.155555556
ZNF618:p.V201A:chr9:116770778	RA000_L8d	0	0.984533465	0.038240309	0.341584158
ZNF627:p.E438A:chr19:11728631	RA000_L8d	0	0.983069579	0.056743348	0.190769231
ZNF726:p.-515:chr19:24116460	RA000_L8d	0	0.98311893	0.047695281	0.339622642
ZNF835:p.C227*:chr19:57175886	RA000_L8d	0	0.98819346	0.025353076	0.292035398
ZP3:p.P71:chr7:76058885	RA000_L8d	0	0.983885423	0.040557977	0.258706468
ZP4:p.P207Q:chr1:238050795	RA000_L8d	0	0.982457821	0.05053522	0.436464088